StuID,CourseCode,Year,Semester,Grade
STU0001,HIS001,2019,2,C
STU0001,HIS006,2019,1,C
STU0001,HIS003,2019,2,D
STU0001,HIS004,2020,1,C
STU0001,HIS002,2020,2,C
STU0001,HIS007,2020,1,C
STU0001,HIS008,2021,1,D
STU0002,HIS001,2020,2,A
STU0002,HIS007,2020,2,D
STU0002,HIS004,2021,2,C
STU0003,HIS001,2018,1,C
STU0003,HIS002,2018,1,B
STU0003,HIS003,2019,1,B
STU0003,HIS004,2019,2,C
STU0003,HIS005,2020,2,A
STU0003,HIS006,2021,1,A
STU0004,HIS001,2017,1,B
STU0004,HIS003,2017,1,D
STU0004,HIS004,2020,2,B
STU0004,HIS002,2020,2,B
STU0004,HIS006,2021,2,A
STU0005,HIS008,2020,1,D
STU0005,HIS001,2020,2,D
STU0005,HIS002,2020,1,D
STU0005,HIS003,2021,2,C
STU0005,HIS005,2021,1,A
STU0006,HIS001,2018,1,D
STU0006,HIS007,2018,1,B
STU0006,HIS005,2020,1,C
STU0006,HIS002,2020,1,A
STU0006,HIS004,2021,2,B
STU0006,HIS003,2021,2,A
STU0007,HIS001,2017,2,A
STU0007,HIS005,2018,2,B
STU0007,HIS002,2019,2,A
STU0007,HIS003,2021,2,A
STU0007,HIS004,2021,1,C
STU0008,HIS001,2021,2,C
STU0008,HIS002,2021,3,A
STU0008,HIS007,2021,2,D
STU0009,HIS001,2016,1,D
STU0009,HIS002,2016,1,B
STU0009,HIS005,2017,2,B
STU0009,HIS006,2020,1,B
STU0009,HIS007,2020,1,B
STU0009,HIS008,2021,1,A
STU0009,HIS004,2021,2,C
STU0010,HIS001,2017,1,A
STU0010,HIS004,2018,1,C
STU0010,HIS002,2019,1,A
STU0010,HIS005,2021,1,D
STU0011,MGT001,2017,2,C
STU0011,MGT007,2018,1,D
STU0011,MGT002,2020,1,F
STU0011,MGT004,2021,1,A
STU0012,MGT003,2019,1,A
STU0012,MGT002,2019,2,D
STU0012,MGT001,2020,2,C
STU0012,MGT006,2020,2,A
STU0012,MGT004,2021,1,D
STU0012,MGT007,2021,2,A
STU0013,MGT002,2020,2,B
STU0013,MGT001,2020,1,A
STU0013,MGT004,2020,2,A
STU0013,MGT003,2020,1,B
STU0013,MGT006,2021,1,D
STU0014,MGT003,2018,1,A
STU0014,MGT002,2018,2,C
STU0014,MGT001,2019,1,D
STU0014,MGT005,2019,1,A
STU0014,MGT007,2019,2,D
STU0014,MGT004,2019,2,A
STU0014,MGT008,2020,2,B
STU0014,MGT006,2020,2,C
STU0015,MGT003,2017,2,C
STU0015,MGT006,2017,1,C
STU0015,MGT001,2018,2,A
STU0015,MGT004,2019,2,B
STU0015,MGT007,2019,2,D
STU0015,MGT008,2020,1,D
STU0015,MGT005,2020,3,D
STU0015,MGT002,2021,2,B
STU0016,MGT002,2016,2,C
STU0016,MGT003,2017,1,C
STU0016,MGT001,2018,2,C
STU0016,MGT005,2019,2,D
STU0016,MGT006,2019,2,C
STU0016,MGT004,2019,2,F
STU0016,MGT007,2021,2,A
STU0017,MGT005,2019,2,B
STU0017,MGT001,2019,1,A
STU0017,MGT006,2020,2,B
STU0017,MGT004,2021,2,C
STU0017,MGT002,2021,1,A
STU0018,MGT003,2020,1,A
STU0018,MGT005,2021,1,D
STU0018,MGT006,2021,2,B
STU0019,MGT002,2021,1,D
STU0019,MGT003,2021,1,C
STU0019,MGT005,2021,1,B
STU0019,MGT006,2021,1,C
STU0020,MGT001,2019,1,C
STU0020,MGT003,2020,1,B
STU0020,MGT004,2020,2,B
STU0020,MGT007,2021,1,C
STU0021,HIS001,2020,1,A
STU0021,HIS002,2021,3,C
STU0022,HIS001,2020,1,B
STU0022,HIS005,2020,2,D
STU0022,HIS006,2020,2,D
STU0022,HIS003,2021,2,D
STU0022,HIS002,2021,3,A
STU0022,HIS004,2021,1,C
STU0023,HIS001,2018,2,A
STU0023,HIS006,2020,1,A
STU0023,HIS004,2021,1,B
STU0024,HIS001,2019,1,A
STU0024,HIS005,2020,1,C
STU0024,HIS003,2021,2,C
STU0024,HIS004,2021,2,A
STU0024,HIS002,2021,3,D
STU0025,HIS003,2021,2,A
STU0026,HIS002,2021,3,A
STU0027,HIS002,2020,2,B
STU0027,HIS001,2021,2,B
STU0027,HIS003,2021,2,A
STU0028,HIS002,2018,1,D
STU0028,HIS001,2018,1,A
STU0028,HIS004,2019,2,D
STU0029,HIS001,2021,1,C
STU0029,HIS002,2021,3,C
STU0029,HIS004,2021,2,A
STU0029,HIS005,2021,2,A
STU0029,HIS006,2021,2,C
STU0029,HIS003,2021,2,B
STU0030,HIS006,2021,2,B
STU0030,HIS002,2021,3,C
STU0030,HIS003,2021,2,C
STU0031,GEO001,2017,1,A
STU0031,GEO002,2019,1,D
STU0031,GEO005,2019,2,B
STU0031,GEO003,2019,2,C
STU0031,GEO006,2019,2,B
STU0031,GEO007,2019,2,C
STU0031,GEO008,2021,2,A
STU0032,GEO001,2018,2,C
STU0032,GEO002,2018,1,F
STU0032,GEO003,2019,2,A
STU0032,GEO007,2019,1,C
STU0032,GEO006,2019,2,A
STU0032,GEO008,2020,2,C
STU0033,GEO004,2021,1,C
STU0034,GEO007,2019,2,B
STU0034,GEO004,2021,1,C
STU0034,GEO003,2021,2,D
STU0034,GEO006,2021,1,D
STU0035,GEO005,2020,2,D
STU0035,GEO006,2021,1,D
STU0035,GEO007,2021,1,D
STU0035,GEO008,2021,2,D
STU0035,GEO004,2021,3,B
STU0036,GEO005,2021,1,A
STU0036,GEO007,2021,2,D
STU0037,GEO003,2018,2,C
STU0037,GEO007,2019,2,D
STU0037,GEO001,2019,2,D
STU0037,GEO006,2019,2,C
STU0037,GEO005,2020,1,A
STU0037,GEO008,2021,2,D
STU0038,GEO001,2016,2,A
STU0038,GEO002,2016,2,B
STU0038,GEO003,2016,2,D
STU0038,GEO007,2018,2,C
STU0038,GEO005,2018,1,A
STU0038,GEO006,2019,2,B
STU0038,GEO004,2021,1,A
STU0038,GEO008,2021,1,A
STU0039,GEO004,2021,3,C
STU0039,GEO007,2021,1,D
STU0039,GEO006,2021,1,C
STU0039,GEO005,2021,2,C
STU0039,GEO008,2021,2,D
STU0040,GEO007,2019,2,A
STU0040,GEO001,2019,2,D
STU0040,GEO002,2020,2,A
STU0040,GEO004,2020,1,C
STU0040,GEO003,2020,1,C
STU0040,GEO005,2021,2,B
STU0040,GEO008,2021,2,C
STU0040,GEO006,2021,1,B
STU0041,HIS007,2021,1,B
STU0041,HIS002,2021,3,B
STU0041,HIS001,2021,1,A
STU0041,HIS004,2021,2,B
STU0041,HIS003,2021,1,C
STU0041,HIS008,2021,2,C
STU0042,HIS007,2019,2,D
STU0042,HIS003,2019,1,D
STU0043,HIS001,2021,1,F
STU0043,HIS002,2021,3,C
STU0044,HIS003,2021,1,C
STU0045,HIS003,2021,2,B
STU0045,HIS007,2021,2,C
STU0045,HIS004,2021,2,A
STU0045,HIS001,2021,1,D
STU0046,HIS002,2021,3,A
STU0046,HIS003,2021,1,F
STU0047,HIS001,2019,2,B
STU0047,HIS004,2020,1,D
STU0047,HIS007,2020,2,D
STU0047,HIS002,2020,2,C
STU0047,HIS008,2021,1,A
STU0048,HIS001,2020,1,D
STU0048,HIS002,2020,2,C
STU0048,HIS004,2021,1,D
STU0048,HIS003,2021,2,B
STU0049,HIS007,2021,2,B
STU0049,HIS002,2021,3,A
STU0049,HIS001,2021,1,A
STU0050,HIS001,2021,1,A
STU0051,PSY005,2017,1,C
STU0051,PSY004,2018,1,C
STU0051,PSY002,2018,1,D
STU0051,PSY007,2021,1,A
STU0052,PSY003,2018,1,D
STU0052,PSY006,2019,1,A
STU0052,PSY007,2019,2,B
STU0052,PSY005,2019,1,C
STU0052,PSY001,2020,2,B
STU0052,PSY002,2020,1,B
STU0052,PSY008,2021,1,C
STU0053,PSY001,2019,2,B
STU0053,PSY005,2019,1,B
STU0053,PSY002,2020,1,A
STU0053,PSY006,2020,1,B
STU0053,PSY004,2021,1,D
STU0053,PSY007,2021,1,D
STU0054,PSY004,2017,1,A
STU0054,PSY005,2017,1,D
STU0054,PSY007,2018,1,B
STU0054,PSY001,2019,1,C
STU0054,PSY003,2019,1,C
STU0054,PSY006,2019,2,A
STU0054,PSY008,2020,2,D
STU0054,PSY002,2020,2,A
STU0055,PSY002,2017,1,C
STU0055,PSY001,2018,1,D
STU0055,PSY005,2018,1,C
STU0055,PSY007,2019,2,A
STU0055,PSY003,2019,2,D
STU0055,PSY004,2019,1,A
STU0055,PSY006,2021,1,C
STU0055,PSY008,2021,2,F
STU0056,PSY003,2017,1,B
STU0056,PSY005,2018,2,A
STU0056,PSY007,2019,1,B
STU0056,PSY008,2020,1,A
STU0056,PSY004,2020,2,B
STU0057,PSY004,2021,2,A
STU0057,PSY003,2021,1,D
STU0057,PSY001,2021,1,C
STU0057,PSY005,2021,1,A
STU0057,PSY006,2021,2,B
STU0058,PSY004,2018,2,C
STU0058,PSY001,2018,1,C
STU0058,PSY005,2018,2,B
STU0058,PSY003,2018,2,D
STU0058,PSY008,2020,2,C
STU0058,PSY006,2020,1,C
STU0058,PSY002,2020,2,A
STU0058,PSY007,2021,1,F
STU0059,PSY003,2018,1,F
STU0059,PSY006,2018,2,A
STU0059,PSY004,2018,1,D
STU0059,PSY002,2020,1,A
STU0059,PSY007,2020,2,B
STU0059,PSY008,2020,2,A
STU0059,PSY005,2020,1,B
STU0060,PSY003,2019,1,D
STU0060,PSY001,2020,2,A
STU0060,PSY005,2020,1,C
STU0060,PSY002,2020,2,B
STU0060,PSY004,2020,2,A
STU0060,PSY008,2020,2,C
STU0060,PSY006,2020,1,B
STU0060,PSY007,2021,1,B
STU0061,GEO003,2021,2,D
STU0061,GEO004,2021,3,D
STU0062,GEO004,2021,1,D
STU0062,GEO005,2021,1,A
STU0063,GEO006,2019,2,C
STU0063,GEO001,2019,2,B
STU0063,GEO005,2019,2,B
STU0063,GEO002,2021,1,A
STU0064,GEO006,2020,1,C
STU0064,GEO007,2020,2,D
STU0064,GEO008,2021,1,B
STU0065,GEO002,2021,2,C
STU0065,GEO001,2021,2,C
STU0066,GEO007,2019,1,D
STU0066,GEO005,2019,2,C
STU0066,GEO002,2019,2,C
STU0066,GEO003,2021,2,D
STU0067,GEO004,2021,2,A
STU0067,GEO001,2021,1,D
STU0067,GEO002,2021,2,C
STU0067,GEO006,2021,1,A
STU0067,GEO005,2021,1,A
STU0068,GEO002,2020,1,C
STU0069,GEO005,2018,1,A
STU0069,GEO002,2019,1,C
STU0069,GEO003,2019,1,A
STU0069,GEO001,2020,1,A
STU0069,GEO006,2020,1,C
STU0069,GEO004,2021,1,A
STU0070,GEO006,2021,1,C
STU0070,GEO005,2021,2,A
STU0070,GEO001,2021,2,D
STU0071,PSY005,2021,2,C
STU0071,PSY002,2021,2,B
STU0072,PSY005,2020,2,A
STU0072,PSY001,2021,1,A
STU0072,PSY007,2021,2,A
STU0072,PSY006,2021,1,D
STU0073,PSY005,2019,1,C
STU0074,PSY001,2020,2,F
STU0074,PSY008,2020,2,A
STU0074,PSY002,2020,1,C
STU0074,PSY005,2021,1,D
STU0074,PSY007,2021,2,A
STU0074,PSY006,2021,2,B
STU0075,PSY006,2020,2,C
STU0076,PSY001,2021,2,C
STU0076,PSY006,2021,1,D
STU0076,PSY007,2021,2,A
STU0076,PSY005,2021,1,B
STU0076,PSY008,2021,2,D
STU0077,PSY002,2021,2,B
STU0078,PSY006,2021,1,B
STU0078,PSY001,2021,2,B
STU0078,PSY002,2021,1,A
STU0078,PSY005,2021,1,C
STU0079,PSY006,2020,2,D
STU0079,PSY005,2020,1,C
STU0079,PSY007,2020,2,D
STU0079,PSY002,2020,1,C
STU0080,PSY002,2021,2,A
STU0080,PSY007,2021,2,D
STU0080,PSY008,2021,2,C
STU0080,PSY006,2021,1,B
STU0080,PSY005,2021,1,C
STU0081,MDA002,2019,2,C
STU0081,MDA005,2019,2,D
STU0081,MDA006,2019,2,D
STU0081,MDA007,2020,1,A
STU0081,MDA004,2020,1,B
STU0081,MDA003,2021,1,D
STU0081,MDA008,2021,1,C
STU0082,MDA004,2019,1,B
STU0082,MDA006,2019,2,A
STU0082,MDA003,2019,1,C
STU0082,MDA005,2019,1,B
STU0082,MDA007,2020,2,A
STU0083,MDA006,2021,1,C
STU0083,MDA004,2021,2,F
STU0084,MDA008,2020,2,D
STU0084,MDA001,2020,3,D
STU0084,MDA005,2021,1,C
STU0084,MDA006,2021,1,A
STU0084,MDA004,2021,1,A
STU0085,MDA002,2021,1,D
STU0085,MDA006,2021,2,C
STU0085,MDA008,2021,1,C
STU0085,MDA004,2021,1,A
STU0086,MDA006,2018,2,D
STU0086,MDA008,2019,1,A
STU0086,MDA001,2019,3,C
STU0086,MDA005,2019,2,D
STU0086,MDA002,2020,1,C
STU0086,MDA003,2021,2,D
STU0087,MDA001,2016,3,D
STU0087,MDA004,2016,1,B
STU0087,MDA006,2016,2,C
STU0087,MDA003,2017,1,C
STU0087,MDA005,2017,1,C
STU0087,MDA008,2020,1,B
STU0087,MDA007,2021,2,A
STU0087,MDA002,2021,1,D
STU0088,MDA002,2020,2,B
STU0088,MDA006,2020,1,A
STU0088,MDA005,2021,2,F
STU0088,MDA001,2021,3,D
STU0088,MDA003,2021,2,D
STU0089,MDA006,2020,2,C
STU0089,MDA005,2021,2,C
STU0089,MDA008,2021,1,B
STU0090,MDA004,2017,1,B
STU0090,MDA006,2018,1,C
STU0090,MDA008,2019,1,C
STU0090,MDA001,2019,3,C
STU0090,MDA005,2019,1,B
STU0090,MDA007,2021,1,B
STU0090,MDA002,2021,2,D
STU0091,PSY002,2020,1,A
STU0091,PSY004,2020,1,B
STU0092,PSY005,2018,1,B
STU0092,PSY004,2021,2,D
STU0092,PSY003,2021,1,A
STU0093,PSY005,2018,2,B
STU0093,PSY002,2018,1,A
STU0093,PSY008,2019,1,C
STU0093,PSY007,2019,1,B
STU0094,PSY002,2021,2,B
STU0094,PSY004,2021,2,D
STU0095,PSY002,2019,2,C
STU0095,PSY005,2019,2,B
STU0095,PSY008,2020,2,B
STU0095,PSY007,2020,1,B
STU0095,PSY004,2020,2,A
STU0095,PSY003,2020,2,B
STU0096,PSY002,2020,2,D
STU0096,PSY004,2020,1,A
STU0096,PSY003,2021,2,C
STU0097,PSY003,2020,2,A
STU0097,PSY005,2020,1,B
STU0097,PSY008,2020,2,A
STU0097,PSY002,2021,2,C
STU0097,PSY004,2021,1,B
STU0098,PSY005,2020,2,B
STU0098,PSY004,2020,2,A
STU0098,PSY007,2021,2,A
STU0098,PSY008,2021,2,D
STU0099,PSY005,2020,1,A
STU0099,PSY002,2020,2,D
STU0099,PSY007,2021,2,F
STU0099,PSY003,2021,2,A
STU0100,PSY005,2021,1,B
STU0100,PSY007,2021,2,C
STU0101,MDA004,2019,1,D
STU0101,MDA001,2020,3,A
STU0101,MDA002,2020,1,C
STU0101,MDA003,2020,1,B
STU0102,MDA002,2018,2,B
STU0102,MDA001,2019,3,B
STU0102,MDA006,2019,2,B
STU0102,MDA004,2020,2,C
STU0102,MDA003,2020,2,A
STU0102,MDA008,2021,1,C
STU0103,MDA004,2018,2,A
STU0103,MDA008,2019,2,C
STU0103,MDA003,2020,1,A
STU0103,MDA001,2020,3,B
STU0103,MDA002,2021,1,C
STU0103,MDA006,2021,1,D
STU0104,MDA006,2020,2,F
STU0104,MDA002,2020,1,A
STU0104,MDA003,2021,1,A
STU0104,MDA004,2021,1,B
STU0104,MDA001,2021,3,D
STU0105,MDA008,2018,1,C
STU0105,MDA001,2019,3,B
STU0105,MDA006,2019,1,D
STU0105,MDA002,2020,2,A
STU0105,MDA003,2020,2,B
STU0106,MDA006,2020,1,B
STU0106,MDA003,2020,2,C
STU0106,MDA004,2021,2,D
STU0106,MDA002,2021,2,A
STU0107,MDA001,2019,3,D
STU0107,MDA004,2019,2,C
STU0107,MDA006,2019,1,D
STU0107,MDA003,2021,2,C
STU0108,MDA004,2019,2,A
STU0108,MDA001,2020,3,D
STU0108,MDA003,2020,1,C
STU0108,MDA008,2021,2,B
STU0109,MDA008,2021,2,D
STU0110,MDA002,2021,2,C
STU0110,MDA008,2021,2,B
STU0110,MDA004,2021,1,C
STU0110,MDA001,2021,3,A
STU0110,MDA003,2021,2,B
STU0111,PHY003,2016,2,B
STU0111,PHY001,2016,2,A
STU0111,PHY007,2016,2,B
STU0111,PHY008,2019,2,B
STU0111,PHY002,2020,1,A
STU0111,PHY005,2021,1,C
STU0112,PHY002,2018,1,C
STU0112,PHY005,2018,1,F
STU0112,PHY008,2019,1,A
STU0112,PHY007,2019,3,D
STU0112,PHY001,2019,1,D
STU0112,PHY003,2021,1,A
STU0113,PHY003,2019,1,B
STU0113,PHY004,2020,1,C
STU0113,PHY007,2020,2,B
STU0113,PHY005,2020,2,D
STU0113,PHY002,2021,1,B
STU0114,PHY008,2019,2,B
STU0114,PHY003,2019,1,B
STU0114,PHY005,2019,1,A
STU0114,PHY006,2020,2,B
STU0114,PHY001,2021,1,D
STU0114,PHY004,2021,2,B
STU0115,PHY005,2016,1,C
STU0115,PHY002,2017,1,B
STU0115,PHY003,2018,2,D
STU0115,PHY004,2021,1,A
STU0116,PHY008,2021,1,A
STU0117,PHY007,2020,2,C
STU0117,PHY005,2020,1,C
STU0117,PHY004,2020,2,B
STU0117,PHY003,2021,1,D
STU0118,PHY003,2021,2,A
STU0119,PHY002,2018,2,B
STU0119,PHY008,2019,2,A
STU0119,PHY005,2020,1,A
STU0119,PHY001,2021,1,A
STU0120,PHY007,2020,2,B
STU0120,PHY002,2020,2,A
STU0120,PHY005,2021,1,B
STU0120,PHY008,2021,1,A
STU0121,MDA006,2020,2,A
STU0121,MDA004,2020,2,A
STU0121,MDA007,2021,2,D
STU0121,MDA005,2021,1,A
STU0122,MDA006,2019,1,A
STU0122,MDA005,2020,1,D
STU0122,MDA007,2021,2,D
STU0123,MDA008,2020,2,D
STU0123,MDA003,2020,2,B
STU0123,MDA004,2021,1,B
STU0124,MDA005,2020,1,B
STU0124,MDA004,2020,2,C
STU0124,MDA006,2021,2,D
STU0125,MDA003,2018,1,D
STU0125,MDA008,2019,1,A
STU0125,MDA006,2020,2,B
STU0125,MDA004,2021,2,F
STU0126,MDA004,2021,2,D
STU0126,MDA003,2021,2,A
STU0126,MDA006,2021,2,D
STU0126,MDA005,2021,1,A
STU0126,MDA008,2021,2,D
STU0127,MDA004,2019,1,A
STU0127,MDA006,2020,1,A
STU0127,MDA003,2020,2,A
STU0128,MDA003,2020,2,D
STU0128,MDA005,2020,1,C
STU0129,MDA004,2021,2,B
STU0129,MDA005,2021,1,C
STU0129,MDA008,2021,2,C
STU0129,MDA007,2021,2,B
STU0129,MDA003,2021,2,B
STU0129,MDA006,2021,1,D
STU0130,MDA003,2021,2,A
STU0130,MDA004,2021,2,B
STU0130,MDA006,2021,2,D
STU0130,MDA005,2021,2,D
STU0130,MDA008,2021,2,B
STU0131,PHY001,2019,1,B
STU0131,PHY003,2020,1,C
STU0131,PHY004,2020,2,C
STU0131,PHY005,2020,1,A
STU0131,PHY002,2021,1,B
STU0131,PHY006,2021,2,D
STU0132,PHY002,2021,2,B
STU0133,PHY005,2018,1,B
STU0133,PHY003,2019,1,A
STU0133,PHY004,2020,1,C
STU0133,PHY002,2020,2,C
STU0133,PHY001,2020,2,A
STU0134,PHY003,2021,2,B
STU0135,PHY003,2019,1,D
STU0135,PHY005,2019,1,C
STU0135,PHY002,2019,1,B
STU0135,PHY001,2020,1,C
STU0135,PHY004,2021,1,C
STU0136,PHY002,2021,2,A
STU0136,PHY003,2021,2,A
STU0136,PHY005,2021,2,A
STU0137,PHY002,2020,2,B
STU0137,PHY005,2020,1,C
STU0137,PHY003,2020,2,A
STU0137,PHY004,2021,2,A
STU0137,PHY006,2021,1,D
STU0138,PHY002,2020,1,A
STU0138,PHY003,2020,2,C
STU0138,PHY005,2021,2,D
STU0138,PHY004,2021,1,B
STU0139,PHY002,2021,1,A
STU0140,PHY001,2021,1,C
STU0140,PHY002,2021,2,B
STU0140,PHY003,2021,1,A
STU0141,CHE005,2018,2,C
STU0141,CHE006,2019,1,C
STU0141,CHE007,2019,2,D
STU0141,CHE001,2019,2,C
STU0142,CHE001,2019,1,C
STU0142,CHE008,2020,2,C
STU0142,CHE002,2021,2,C
STU0142,CHE007,2021,1,A
STU0142,CHE003,2021,1,C
STU0143,CHE007,2017,1,A
STU0143,CHE001,2018,1,D
STU0143,CHE005,2018,2,D
STU0143,CHE004,2018,1,A
STU0143,CHE002,2018,2,D
STU0143,CHE006,2019,1,A
STU0143,CHE003,2020,2,C
STU0144,CHE005,2020,2,A
STU0145,CHE007,2021,2,B
STU0145,CHE001,2021,2,A
STU0146,CHE008,2017,2,F
STU0146,CHE005,2018,1,D
STU0146,CHE002,2019,2,C
STU0146,CHE001,2019,1,C
STU0146,CHE003,2021,2,A
STU0147,CHE007,2019,1,B
STU0147,CHE004,2019,1,F
STU0147,CHE008,2019,3,C
STU0147,CHE005,2021,2,C
STU0148,CHE005,2020,1,D
STU0148,CHE001,2020,2,B
STU0148,CHE008,2020,2,B
STU0148,CHE007,2021,2,D
STU0148,CHE002,2021,1,A
STU0148,CHE006,2021,1,C
STU0149,CHE008,2020,2,D
STU0149,CHE006,2020,1,B
STU0149,CHE001,2020,1,C
STU0149,CHE005,2020,2,B
STU0149,CHE007,2021,1,B
STU0149,CHE002,2021,2,B
STU0150,CHE008,2016,1,A
STU0150,CHE007,2018,2,B
STU0150,CHE005,2019,2,C
STU0150,CHE004,2020,1,C
STU0150,CHE006,2021,1,C
STU0151,PHY005,2021,1,D
STU0151,PHY003,2021,1,B
STU0151,PHY007,2021,2,D
STU0151,PHY002,2021,2,A
STU0151,PHY001,2021,1,C
STU0152,PHY007,2018,1,A
STU0152,PHY005,2019,1,B
STU0152,PHY002,2019,2,B
STU0152,PHY001,2019,1,C
STU0152,PHY008,2020,2,C
STU0152,PHY003,2021,2,D
STU0153,PHY001,2019,1,A
STU0153,PHY003,2020,1,D
STU0153,PHY002,2020,2,C
STU0154,PHY002,2020,1,A
STU0155,PHY002,2021,1,D
STU0155,PHY005,2021,1,A
STU0155,PHY008,2021,2,B
STU0156,PHY008,2021,1,C
STU0156,PHY005,2021,2,A
STU0157,PHY003,2019,1,A
STU0157,PHY005,2019,1,A
STU0157,PHY002,2019,2,A
STU0157,PHY001,2021,2,D
STU0157,PHY008,2021,2,D
STU0157,PHY007,2021,1,F
STU0158,PHY008,2018,2,B
STU0158,PHY001,2019,2,A
STU0158,PHY003,2020,2,C
STU0159,PHY008,2019,2,D
STU0159,PHY001,2020,2,D
STU0159,PHY002,2021,1,A
STU0159,PHY003,2021,2,D
STU0160,PHY001,2019,1,C
STU0160,PHY008,2020,1,F
STU0160,PHY007,2021,2,B
STU0161,CHE007,2019,2,C
STU0161,CHE005,2019,2,C
STU0162,CHE001,2021,2,A
STU0162,CHE005,2021,1,C
STU0162,CHE003,2021,1,A
STU0162,CHE004,2021,2,D
STU0162,CHE006,2021,1,C
STU0163,CHE005,2020,2,A
STU0163,CHE004,2020,2,B
STU0163,CHE001,2020,2,D
STU0163,CHE006,2021,1,C
STU0164,CHE005,2021,2,D
STU0165,CHE004,2020,2,C
STU0165,CHE006,2020,1,D
STU0165,CHE005,2021,1,D
STU0166,CHE007,2021,1,B
STU0166,CHE001,2021,2,D
STU0167,CHE004,2019,1,C
STU0168,CHE001,2021,1,A
STU0168,CHE006,2021,2,A
STU0169,CHE001,2018,2,B
STU0169,CHE005,2019,2,D
STU0169,CHE003,2019,1,C
STU0170,CHE003,2021,2,C
STU0170,CHE004,2021,2,A
STU0170,CHE007,2021,2,D
STU0170,CHE005,2021,2,A
STU0170,CHE006,2021,2,B
STU0170,CHE001,2021,1,A
STU0171,INS006,2016,2,B
STU0171,INS005,2018,1,C
STU0171,INS007,2018,3,B
STU0171,INS008,2019,2,C
STU0171,INS001,2019,1,C
STU0171,INS004,2020,2,D
STU0172,INS001,2019,2,A
STU0172,INS008,2020,1,C
STU0172,INS006,2020,1,B
STU0172,INS004,2021,2,D
STU0172,INS002,2021,1,C
STU0172,INS005,2021,1,C
STU0173,INS005,2021,1,B
STU0173,INS006,2021,2,B
STU0173,INS004,2021,1,C
STU0174,INS005,2019,1,D
STU0174,INS001,2019,2,C
STU0174,INS002,2020,2,A
STU0174,INS007,2020,3,C
STU0174,INS006,2020,1,A
STU0174,INS008,2020,2,B
STU0174,INS004,2021,1,C
STU0175,INS001,2019,2,D
STU0175,INS004,2019,2,A
STU0175,INS005,2019,2,D
STU0175,INS006,2020,1,C
STU0175,INS008,2020,2,D
STU0175,INS007,2020,2,D
STU0175,INS002,2020,1,D
STU0175,INS003,2020,2,A
STU0176,INS006,2019,1,B
STU0176,INS004,2019,1,D
STU0176,INS005,2019,1,C
STU0176,INS007,2021,2,D
STU0176,INS008,2021,2,C
STU0176,INS001,2021,1,C
STU0177,INS001,2020,2,A
STU0177,INS004,2020,1,A
STU0177,INS002,2021,2,C
STU0177,INS005,2021,2,D
STU0178,INS001,2017,1,A
STU0178,INS002,2018,2,D
STU0178,INS006,2019,1,C
STU0178,INS005,2019,2,A
STU0178,INS008,2020,1,A
STU0178,INS007,2021,2,C
STU0178,INS004,2021,2,C
STU0179,INS005,2021,2,A
STU0180,INS001,2016,2,C
STU0180,INS002,2016,3,A
STU0180,INS003,2017,1,D
STU0180,INS008,2018,1,B
STU0180,INS004,2019,1,A
STU0180,INS005,2020,2,D
STU0181,CHE005,2021,1,F
STU0182,CHE005,2021,2,D
STU0183,CHE005,2019,1,B
STU0183,CHE001,2019,1,A
STU0183,CHE006,2019,2,B
STU0183,CHE008,2020,1,B
STU0183,CHE007,2020,1,C
STU0184,CHE001,2021,2,B
STU0184,CHE005,2021,2,A
STU0184,CHE006,2021,1,C
STU0185,CHE008,2021,1,B
STU0185,CHE002,2021,2,A
STU0185,CHE006,2021,1,C
STU0185,CHE001,2021,1,D
STU0186,CHE007,2021,1,D
STU0186,CHE006,2021,1,D
STU0186,CHE005,2021,1,C
STU0186,CHE008,2021,1,A
STU0187,CHE002,2021,2,A
STU0187,CHE006,2021,1,D
STU0187,CHE001,2021,1,D
STU0187,CHE008,2021,2,D
STU0187,CHE005,2021,2,A
STU0187,CHE007,2021,2,C
STU0188,CHE007,2019,2,A
STU0188,CHE005,2020,1,D
STU0188,CHE001,2020,1,C
STU0188,CHE008,2020,1,B
STU0188,CHE006,2021,2,A
STU0189,CHE001,2019,2,A
STU0189,CHE002,2021,2,D
STU0189,CHE008,2021,1,B
STU0190,CHE001,2019,2,A
STU0190,CHE008,2019,3,C
STU0190,CHE006,2019,2,A
STU0190,CHE005,2020,1,B
STU0190,CHE002,2020,1,A
STU0190,CHE007,2020,1,B
STU0191,INS006,2020,1,B
STU0191,INS001,2020,2,B
STU0191,INS005,2020,1,D
STU0191,INS002,2021,1,A
STU0191,INS007,2021,1,A
STU0192,INS006,2020,1,C
STU0192,INS005,2020,1,A
STU0193,INS005,2020,1,D
STU0194,INS001,2020,1,D
STU0194,INS005,2020,1,A
STU0194,INS003,2021,2,A
STU0194,INS002,2021,1,C
STU0194,INS006,2021,1,A
STU0195,INS006,2020,1,D
STU0195,INS001,2020,2,C
STU0195,INS005,2021,1,A
STU0195,INS002,2021,1,C
STU0195,INS007,2021,2,A
STU0195,INS003,2021,2,C
STU0196,INS006,2021,1,D
STU0196,INS001,2021,1,A
STU0196,INS005,2021,2,D
STU0197,INS001,2019,2,B
STU0197,INS005,2020,2,B
STU0197,INS006,2020,1,A
STU0197,INS003,2020,2,F
STU0197,INS002,2020,1,D
STU0198,INS005,2019,1,C
STU0198,INS002,2020,2,B
STU0198,INS001,2021,1,A
STU0199,INS001,2020,1,B
STU0199,INS002,2020,2,D
STU0199,INS003,2021,2,D
STU0200,INS005,2021,1,C
STU0201,CMS007,2018,1,C
STU0201,CMS002,2018,2,A
STU0201,CMS005,2018,1,B
STU0201,CMS006,2018,2,C
STU0201,CMS003,2019,2,A
STU0201,CMS001,2020,1,C
STU0201,CMS004,2020,2,D
STU0201,CMS008,2021,2,B
STU0202,CMS006,2019,1,A
STU0202,CMS007,2019,2,B
STU0202,CMS003,2019,1,C
STU0202,CMS002,2019,1,A
STU0202,CMS001,2020,1,C
STU0202,CMS005,2020,1,D
STU0202,CMS004,2021,1,F
STU0203,CMS003,2020,2,B
STU0203,CMS008,2021,2,C
STU0203,CMS001,2021,1,C
STU0203,CMS005,2021,1,C
STU0203,CMS007,2021,1,C
STU0204,CMS006,2017,2,B
STU0204,CMS001,2017,2,A
STU0204,CMS002,2019,1,B
STU0204,CMS008,2020,1,D
STU0205,CMS005,2016,1,D
STU0205,CMS003,2019,2,A
STU0205,CMS002,2020,2,C
STU0205,CMS007,2021,1,D
STU0206,CMS003,2021,2,C
STU0206,CMS001,2021,1,A
STU0206,CMS006,2021,1,D
STU0206,CMS007,2021,1,D
STU0206,CMS008,2021,2,C
STU0207,CMS006,2019,1,D
STU0207,CMS002,2019,2,C
STU0207,CMS001,2019,1,D
STU0207,CMS004,2020,2,C
STU0207,CMS008,2021,2,B
STU0207,CMS003,2021,1,B
STU0208,CMS002,2017,1,B
STU0208,CMS003,2018,1,D
STU0208,CMS001,2019,2,B
STU0208,CMS005,2019,1,B
STU0208,CMS007,2019,1,B
STU0208,CMS006,2019,1,D
STU0208,CMS008,2021,1,F
STU0208,CMS004,2021,2,A
STU0209,CMS003,2021,2,C
STU0210,CMS002,2021,1,B
STU0210,CMS007,2021,2,A
STU0210,CMS003,2021,1,D
STU0211,INS001,2019,2,C
STU0211,INS004,2019,2,B
STU0211,INS006,2020,2,B
STU0211,INS005,2021,2,B
STU0211,INS002,2021,1,D
STU0211,INS008,2021,2,A
STU0212,INS002,2020,2,D
STU0212,INS001,2020,1,A
STU0212,INS006,2021,1,A
STU0212,INS008,2021,2,D
STU0212,INS005,2021,1,C
STU0213,INS004,2021,2,C
STU0213,INS006,2021,2,D
STU0214,INS001,2020,1,A
STU0214,INS005,2020,2,A
STU0215,INS006,2021,2,F
STU0216,INS001,2021,1,B
STU0216,INS002,2021,2,D
STU0216,INS004,2021,1,A
STU0216,INS005,2021,1,A
STU0216,INS006,2021,1,B
STU0217,INS006,2021,2,D
STU0218,INS006,2018,1,A
STU0218,INS001,2019,2,C
STU0218,INS005,2019,2,B
STU0218,INS002,2021,2,C
STU0218,INS008,2021,1,D
STU0218,INS004,2021,1,C
STU0219,INS001,2021,1,D
STU0219,INS008,2021,2,A
STU0219,INS002,2021,2,A
STU0219,INS005,2021,1,B
STU0219,INS006,2021,1,C
STU0219,INS004,2021,2,A
STU0220,INS004,2021,1,C
STU0221,CMS003,2021,1,C
STU0222,CMS003,2021,1,B
STU0222,CMS007,2021,1,A
STU0223,CMS002,2020,2,C
STU0223,CMS007,2020,1,D
STU0223,CMS001,2021,2,B
STU0223,CMS005,2021,2,D
STU0224,CMS007,2019,1,C
STU0224,CMS002,2021,1,B
STU0224,CMS006,2021,2,D
STU0225,CMS003,2021,1,C
STU0226,CMS003,2019,1,C
STU0226,CMS002,2019,1,C
STU0226,CMS007,2020,2,D
STU0226,CMS001,2021,1,C
STU0227,CMS006,2021,2,D
STU0228,CMS001,2020,1,C
STU0228,CMS005,2020,2,C
STU0228,CMS002,2021,1,C
STU0229,CMS007,2018,2,C
STU0229,CMS003,2018,1,B
STU0229,CMS006,2019,2,B
STU0229,CMS005,2020,1,D
STU0229,CMS002,2020,2,A
STU0229,CMS001,2020,1,D
STU0230,CMS006,2019,2,D
STU0230,CMS003,2019,1,D
STU0230,CMS001,2019,1,C
STU0230,CMS005,2020,2,A
STU0230,CMS007,2021,1,B
STU0231,MEE005,2017,3,C
STU0231,MEE004,2017,1,B
STU0231,MEE006,2019,1,A
STU0231,MEE002,2019,1,A
STU0231,MEE003,2020,1,B
STU0232,MEE002,2017,2,C
STU0232,MEE006,2018,2,D
STU0232,MEE005,2018,1,C
STU0232,MEE004,2019,1,D
STU0232,MEE001,2020,1,A
STU0232,MEE003,2020,1,D
STU0232,MEE007,2021,1,B
STU0233,MEE004,2021,2,A
STU0233,MEE006,2021,1,C
STU0234,MEE001,2018,3,C
STU0234,MEE002,2019,1,C
STU0234,MEE004,2019,1,B
STU0234,MEE005,2020,1,D
STU0234,MEE008,2020,1,B
STU0234,MEE003,2021,1,C
STU0235,MEE001,2021,1,C
STU0235,MEE007,2021,2,B
STU0236,MEE007,2021,1,B
STU0236,MEE002,2021,2,A
STU0236,MEE004,2021,1,C
STU0237,MEE005,2021,1,D
STU0237,MEE007,2021,2,B
STU0237,MEE002,2021,1,D
STU0238,MEE006,2021,2,D
STU0238,MEE005,2021,1,D
STU0238,MEE004,2021,1,A
STU0238,MEE002,2021,1,D
STU0238,MEE001,2021,2,A
STU0239,MEE005,2019,2,D
STU0239,MEE007,2020,1,B
STU0239,MEE001,2020,2,D
STU0239,MEE002,2021,2,C
STU0239,MEE003,2021,1,A
STU0240,MEE005,2020,2,C
STU0240,MEE006,2020,2,D
STU0240,MEE004,2021,1,B
STU0241,CMS001,2021,1,D
STU0241,CMS002,2021,1,C
STU0241,CMS004,2021,2,A
STU0241,CMS003,2021,1,B
STU0242,CMS003,2020,1,B
STU0242,CMS007,2021,1,A
STU0243,CMS003,2019,1,A
STU0243,CMS001,2020,1,C
STU0244,CMS001,2021,2,C
STU0244,CMS007,2021,2,D
STU0245,CMS001,2018,1,B
STU0245,CMS002,2019,2,B
STU0245,CMS004,2021,1,A
STU0245,CMS008,2021,2,D
STU0246,CMS003,2019,1,A
STU0246,CMS001,2019,2,A
STU0246,CMS002,2019,2,A
STU0246,CMS004,2020,2,B
STU0246,CMS008,2021,1,A
STU0246,CMS007,2021,2,A
STU0247,CMS007,2021,1,B
STU0247,CMS003,2021,2,B
STU0248,CMS002,2019,1,A
STU0248,CMS001,2020,1,D
STU0248,CMS007,2020,1,B
STU0248,CMS008,2021,1,D
STU0249,CMS003,2020,1,A
STU0249,CMS007,2020,1,A
STU0249,CMS001,2020,2,A
STU0249,CMS002,2020,2,D
STU0249,CMS008,2021,1,A
STU0250,CMS001,2021,2,A
STU0250,CMS007,2021,2,C
STU0250,CMS002,2021,2,C
STU0250,CMS003,2021,2,B
STU0251,MEE001,2021,3,D
STU0251,MEE007,2021,1,B
STU0251,MEE005,2021,2,C
STU0251,MEE002,2021,1,B
STU0251,MEE003,2021,2,D
STU0252,MEE005,2021,1,A
STU0253,MEE002,2021,1,C
STU0253,MEE001,2021,3,C
STU0254,MEE001,2019,2,D
STU0254,MEE007,2019,3,D
STU0254,MEE002,2019,1,D
STU0254,MEE005,2020,1,B
STU0255,MEE005,2019,1,D
STU0255,MEE002,2019,1,B
STU0255,MEE001,2019,1,C
STU0255,MEE003,2020,2,B
STU0255,MEE008,2020,2,C
STU0255,MEE007,2021,1,B
STU0256,MEE001,2020,2,B
STU0256,MEE002,2020,2,B
STU0256,MEE005,2020,1,C
STU0256,MEE007,2020,2,C
STU0256,MEE008,2021,1,B
STU0256,MEE003,2021,2,A
STU0257,MEE005,2019,2,C
STU0258,MEE005,2020,1,D
STU0258,MEE001,2020,1,D
STU0259,MEE001,2021,2,C
STU0259,MEE005,2021,1,C
STU0260,MEE007,2021,1,C
STU0260,MEE002,2021,1,D
STU0260,MEE008,2021,2,C
STU0260,MEE003,2021,2,A
STU0260,MEE005,2021,2,C
STU0261,CBE005,2020,1,C
STU0261,CBE003,2020,2,C
STU0261,CBE006,2020,1,D
STU0261,CBE001,2020,2,C
STU0261,CBE008,2021,2,B
STU0261,CBE002,2021,1,B
STU0262,CBE006,2016,2,C
STU0262,CBE007,2016,3,A
STU0262,CBE005,2019,1,A
STU0262,CBE008,2019,2,C
STU0262,CBE003,2019,2,B
STU0262,CBE001,2021,1,B
STU0262,CBE002,2021,2,D
STU0263,CBE007,2019,3,A
STU0263,CBE001,2020,1,B
STU0263,CBE005,2020,2,D
STU0263,CBE003,2021,1,B
STU0263,CBE008,2021,1,C
STU0264,CBE006,2020,2,C
STU0264,CBE005,2020,2,B
STU0264,CBE001,2020,1,C
STU0264,CBE004,2021,1,B
STU0264,CBE002,2021,1,C
STU0265,CBE001,2019,2,B
STU0265,CBE004,2020,2,B
STU0265,CBE008,2020,2,C
STU0265,CBE005,2021,1,B
STU0265,CBE006,2021,1,A
STU0265,CBE003,2021,2,C
STU0266,CBE005,2016,1,D
STU0266,CBE006,2017,1,F
STU0266,CBE003,2018,2,D
STU0266,CBE008,2021,2,B
STU0266,CBE007,2021,2,D
STU0267,CBE004,2019,2,C
STU0267,CBE001,2019,1,B
STU0267,CBE005,2021,2,D
STU0267,CBE003,2021,2,B
STU0268,CBE006,2017,1,D
STU0268,CBE008,2017,2,C
STU0268,CBE003,2017,1,C
STU0268,CBE007,2017,3,C
STU0268,CBE001,2017,2,A
STU0268,CBE002,2018,1,C
STU0268,CBE005,2021,2,B
STU0268,CBE004,2021,1,A
STU0269,CBE007,2021,2,F
STU0270,CBE001,2017,1,D
STU0270,CBE008,2017,1,B
STU0270,CBE006,2017,1,C
STU0270,CBE003,2017,1,A
STU0270,CBE004,2019,2,B
STU0270,CBE007,2019,1,C
STU0270,CBE005,2021,2,C
STU0270,CBE002,2021,1,B
STU0271,MEE004,2020,2,B
STU0271,MEE005,2020,2,A
STU0271,MEE006,2020,1,B
STU0271,MEE002,2020,1,D
STU0272,MEE001,2021,2,A
STU0272,MEE005,2021,1,C
STU0272,MEE004,2021,2,C
STU0272,MEE006,2021,2,D
STU0273,MEE002,2019,1,B
STU0273,MEE006,2019,1,A
STU0273,MEE005,2020,1,D
STU0273,MEE004,2020,2,B
STU0273,MEE003,2021,2,B
STU0273,MEE001,2021,1,C
STU0274,MEE005,2021,1,B
STU0275,MEE004,2021,2,F
STU0276,MEE001,2020,1,A
STU0276,MEE005,2021,1,A
STU0276,MEE006,2021,2,D
STU0276,MEE002,2021,1,D
STU0276,MEE003,2021,2,B
STU0276,MEE004,2021,1,A
STU0277,MEE002,2019,1,A
STU0277,MEE005,2019,1,C
STU0277,MEE006,2020,2,A
STU0277,MEE001,2020,1,C
STU0277,MEE003,2021,2,A
STU0277,MEE004,2021,2,D
STU0278,MEE002,2019,2,B
STU0278,MEE005,2020,1,A
STU0278,MEE003,2020,2,C
STU0278,MEE001,2020,2,B
STU0278,MEE004,2020,2,B
STU0279,MEE006,2020,2,A
STU0280,MEE006,2018,1,A
STU0280,MEE004,2019,1,C
STU0280,MEE005,2019,2,B
STU0280,MEE002,2020,1,D
STU0280,MEE003,2020,2,C
STU0280,MEE001,2021,1,C
STU0281,CBE005,2021,1,D
STU0281,CBE008,2021,1,B
STU0281,CBE006,2021,1,A
STU0282,CBE008,2019,2,C
STU0283,CBE003,2021,2,A
STU0284,CBE001,2020,2,A
STU0284,CBE006,2021,1,C
STU0284,CBE003,2021,2,C
STU0285,CBE005,2019,1,B
STU0285,CBE001,2020,1,B
STU0285,CBE006,2020,1,A
STU0285,CBE002,2021,2,D
STU0285,CBE008,2021,2,A
STU0285,CBE003,2021,1,B
STU0286,CBE005,2021,2,D
STU0286,CBE008,2021,2,B
STU0287,CBE001,2021,1,A
STU0288,CBE003,2019,2,B
STU0288,CBE006,2019,2,D
STU0288,CBE001,2020,2,A
STU0288,CBE008,2020,2,D
STU0288,CBE005,2021,2,B
STU0289,CBE008,2021,1,F
STU0289,CBE005,2021,2,D
STU0289,CBE006,2021,1,C
STU0289,CBE003,2021,2,B
STU0290,CBE008,2018,2,C
STU0290,CBE005,2019,1,D
STU0290,CBE003,2019,1,B
STU0290,CBE001,2020,1,B
STU0290,CBE006,2020,1,A
STU0290,CBE002,2021,2,D
STU0291,ECE008,2018,2,A
STU0291,ECE001,2019,2,D
STU0291,ECE005,2019,2,B
STU0291,ECE004,2020,2,A
STU0291,ECE007,2020,3,D
STU0291,ECE002,2020,2,D
STU0292,ECE004,2019,1,C
STU0292,ECE008,2019,2,A
STU0292,ECE007,2020,3,D
STU0292,ECE002,2021,2,C
STU0293,ECE006,2018,2,C
STU0293,ECE005,2019,1,D
STU0293,ECE007,2019,1,A
STU0293,ECE002,2020,1,D
STU0293,ECE004,2020,2,A
STU0293,ECE001,2021,2,A
STU0294,ECE001,2021,1,C
STU0294,ECE006,2021,2,C
STU0295,ECE001,2018,1,D
STU0295,ECE004,2019,1,D
STU0295,ECE007,2019,1,C
STU0295,ECE002,2019,2,B
STU0295,ECE005,2020,2,A
STU0295,ECE003,2020,2,A
STU0296,ECE004,2020,2,B
STU0296,ECE005,2020,1,C
STU0296,ECE007,2020,3,D
STU0296,ECE006,2020,2,C
STU0296,ECE002,2021,2,D
STU0296,ECE008,2021,1,D
STU0297,ECE004,2021,1,B
STU0297,ECE002,2021,1,B
STU0297,ECE001,2021,2,C
STU0297,ECE005,2021,2,D
STU0297,ECE008,2021,2,D
STU0298,ECE005,2020,1,C
STU0298,ECE001,2020,1,A
STU0298,ECE006,2020,1,A
STU0298,ECE004,2021,2,C
STU0298,ECE002,2021,1,C
STU0298,ECE007,2021,3,D
STU0299,ECE001,2020,1,D
STU0299,ECE004,2020,1,D
STU0300,ECE008,2019,1,B
STU0300,ECE002,2020,1,A
STU0300,ECE004,2020,1,D
STU0300,ECE006,2021,2,B
STU0301,CBE003,2019,1,D
STU0301,CBE005,2019,1,C
STU0301,CBE004,2020,2,B
STU0301,CBE001,2020,2,A
STU0301,CBE008,2021,1,A
STU0302,CBE003,2021,2,D
STU0303,CBE008,2018,2,D
STU0303,CBE003,2020,1,D
STU0303,CBE005,2021,2,D
STU0303,CBE001,2021,2,C
STU0304,CBE001,2019,1,C
STU0304,CBE005,2019,1,C
STU0304,CBE004,2020,2,C
STU0304,CBE007,2021,2,D
STU0305,CBE001,2019,2,C
STU0305,CBE005,2020,2,A
STU0305,CBE008,2020,2,C
STU0305,CBE004,2020,1,B
STU0305,CBE003,2021,2,A
STU0305,CBE007,2021,1,B
STU0306,CBE008,2019,2,B
STU0306,CBE005,2021,2,C
STU0306,CBE003,2021,2,C
STU0306,CBE007,2021,2,A
STU0306,CBE001,2021,1,A
STU0307,CBE005,2021,1,A
STU0307,CBE007,2021,1,B
STU0307,CBE003,2021,1,D
STU0307,CBE001,2021,2,A
STU0307,CBE008,2021,2,D
STU0308,CBE005,2020,1,D
STU0309,CBE001,2021,1,A
STU0309,CBE005,2021,2,C
STU0309,CBE004,2021,2,C
STU0309,CBE007,2021,1,C
STU0310,CBE001,2019,1,A
STU0310,CBE003,2020,2,B
STU0310,CBE008,2021,1,A
STU0311,BME001,2019,2,A
STU0311,BME003,2019,1,B
STU0311,BME005,2019,2,B
STU0311,BME006,2019,2,B
STU0311,BME004,2020,1,D
STU0311,BME008,2021,2,A
STU0311,BME007,2021,2,D
STU0311,BME002,2021,2,C
STU0312,BME002,2020,2,A
STU0312,BME008,2020,1,D
STU0312,BME003,2021,2,B
STU0313,BME005,2020,2,C
STU0314,BME001,2016,2,B
STU0314,BME003,2017,2,D
STU0314,BME004,2019,2,A
STU0314,BME006,2020,1,C
STU0315,BME002,2021,1,B
STU0315,BME005,2021,2,C
STU0316,BME002,2017,1,C
STU0316,BME001,2018,2,A
STU0316,BME004,2019,1,B
STU0316,BME008,2019,2,D
STU0316,BME006,2020,1,B
STU0316,BME003,2020,3,A
STU0316,BME005,2021,2,B
STU0317,BME001,2018,2,D
STU0317,BME006,2019,2,A
STU0317,BME004,2020,1,D
STU0317,BME005,2021,2,C
STU0318,BME005,2021,1,D
STU0318,BME003,2021,2,B
STU0318,BME008,2021,1,D
STU0318,BME002,2021,1,C
STU0318,BME001,2021,1,A
STU0318,BME004,2021,2,B
STU0319,BME005,2018,2,D
STU0319,BME006,2018,2,B
STU0319,BME002,2019,1,D
STU0319,BME003,2019,1,C
STU0319,BME001,2020,2,D
STU0319,BME007,2021,1,D
STU0319,BME008,2021,1,C
STU0320,BME001,2020,2,D
STU0320,BME002,2020,1,D
STU0320,BME005,2020,2,B
STU0320,BME006,2021,2,B
STU0320,BME008,2021,2,B
STU0321,ECE005,2021,1,D
STU0321,ECE006,2021,1,B
STU0321,ECE004,2021,1,B
STU0321,ECE008,2021,2,D
STU0321,ECE002,2021,1,A
STU0321,ECE001,2021,2,D
STU0322,ECE001,2020,2,A
STU0323,ECE006,2020,2,D
STU0323,ECE007,2020,3,D
STU0324,ECE004,2019,1,A
STU0324,ECE006,2020,1,F
STU0324,ECE001,2021,2,A
STU0324,ECE007,2021,3,D
STU0324,ECE008,2021,2,B
STU0325,ECE004,2018,1,B
STU0325,ECE007,2019,2,D
STU0325,ECE006,2020,2,D
STU0325,ECE002,2020,1,D
STU0325,ECE008,2021,1,D
STU0326,ECE006,2020,2,C
STU0326,ECE001,2020,2,C
STU0326,ECE002,2020,2,B
STU0326,ECE003,2021,1,D
STU0326,ECE007,2021,3,C
STU0327,ECE006,2020,1,D
STU0328,ECE006,2021,1,C
STU0328,ECE004,2021,2,A
STU0328,ECE001,2021,1,C
STU0328,ECE005,2021,1,C
STU0328,ECE002,2021,2,A
STU0328,ECE008,2021,1,A
STU0329,ECE004,2021,2,B
STU0330,ECE004,2019,2,B
STU0330,ECE007,2021,3,C
STU0330,ECE006,2021,1,D
STU0330,ECE008,2021,2,D
STU0331,BME005,2021,1,C
STU0331,BME008,2021,2,C
STU0332,BME001,2019,1,A
STU0332,BME004,2020,2,C
STU0332,BME005,2020,2,D
STU0332,BME008,2021,2,C
STU0333,BME005,2021,1,C
STU0333,BME008,2021,1,B
STU0333,BME006,2021,1,A
STU0333,BME001,2021,1,B
STU0333,BME004,2021,2,A
STU0334,BME006,2018,2,D
STU0334,BME001,2019,1,B
STU0334,BME008,2020,1,C
STU0334,BME004,2020,1,D
STU0335,BME005,2019,1,D
STU0335,BME001,2019,2,C
STU0335,BME008,2019,1,D
STU0335,BME004,2019,1,B
STU0335,BME006,2020,2,A
STU0336,BME005,2018,1,B
STU0336,BME008,2019,2,B
STU0336,BME006,2020,2,A
STU0336,BME001,2020,2,B
STU0337,BME001,2019,2,B
STU0337,BME004,2020,2,D
STU0338,BME006,2020,1,C
STU0339,BME008,2019,1,B
STU0339,BME006,2019,1,B
STU0339,BME005,2020,1,A
STU0340,BME001,2020,1,A
STU0340,BME005,2020,1,C
STU0340,BME008,2020,2,B
STU0341,BME006,2019,2,B
STU0341,BME003,2020,3,D
STU0341,BME001,2020,2,D
STU0341,BME002,2020,1,A
STU0341,BME007,2021,2,A
STU0342,BME006,2021,1,D
STU0342,BME008,2021,2,D
STU0342,BME002,2021,2,A
STU0342,BME001,2021,1,D
STU0342,BME007,2021,2,A
STU0343,BME002,2021,1,C
STU0344,BME008,2019,1,B
STU0344,BME001,2019,2,A
STU0345,BME006,2020,1,B
STU0345,BME008,2021,1,B
STU0345,BME002,2021,2,C
STU0346,BME006,2021,2,A
STU0347,BME008,2021,2,A
STU0347,BME006,2021,2,A
STU0347,BME001,2021,1,A
STU0347,BME002,2021,1,B
STU0347,BME003,2021,2,F
STU0348,BME001,2019,1,B
STU0348,BME002,2019,2,A
STU0348,BME008,2019,2,A
STU0348,BME006,2020,1,A
STU0348,BME007,2021,2,D
STU0348,BME003,2021,1,C
STU0349,BME002,2019,2,A
STU0350,BME001,2018,1,B
STU0350,BME002,2019,1,B
STU0350,BME003,2019,2,A
STU0350,BME008,2019,2,A
STU0350,BME006,2021,2,B
STU0351,NUG007,2021,2,D
STU0351,NUG005,2021,1,C
STU0352,NUG006,2018,2,B
STU0352,NUG001,2019,1,B
STU0352,NUG008,2019,2,D
STU0352,NUG005,2019,2,D
STU0352,NUG002,2020,2,C
STU0352,NUG007,2021,2,C
STU0353,NUG005,2021,1,C
STU0353,NUG008,2021,1,A
STU0353,NUG006,2021,1,D
STU0353,NUG002,2021,2,D
STU0354,NUG001,2021,1,D
STU0354,NUG008,2021,2,B
STU0354,NUG007,2021,1,D
STU0354,NUG005,2021,2,D
STU0355,NUG005,2019,1,A
STU0355,NUG006,2019,1,A
STU0355,NUG008,2019,1,C
STU0355,NUG002,2020,2,B
STU0355,NUG001,2021,1,C
STU0355,NUG007,2021,1,B
STU0356,NUG001,2018,1,F
STU0356,NUG005,2020,2,D
STU0356,NUG002,2021,1,B
STU0356,NUG006,2021,1,B
STU0357,NUG008,2020,2,C
STU0357,NUG006,2020,1,D
STU0357,NUG007,2021,1,D
STU0357,NUG001,2021,2,A
STU0358,NUG001,2021,2,D
STU0358,NUG005,2021,1,A
STU0358,NUG006,2021,2,B
STU0359,NUG006,2018,1,D
STU0359,NUG007,2018,1,B
STU0359,NUG005,2019,1,C
STU0359,NUG008,2019,1,B
STU0359,NUG001,2021,1,B
STU0360,NUG008,2019,1,A
STU0360,NUG006,2021,2,A
STU0361,NUG005,2019,1,C
STU0361,NUG008,2019,1,C
STU0361,NUG002,2020,1,A
STU0361,NUG001,2020,2,A
STU0361,NUG003,2021,1,C
STU0362,NUG005,2018,1,C
STU0362,NUG008,2019,1,B
STU0362,NUG001,2019,1,B
STU0362,NUG004,2020,2,D
STU0362,NUG003,2020,2,D
STU0362,NUG002,2021,1,A
STU0363,NUG008,2019,1,D
STU0363,NUG005,2019,1,D
STU0363,NUG004,2019,1,C
STU0363,NUG003,2019,2,A
STU0363,NUG002,2021,1,C
STU0363,NUG001,2021,2,A
STU0364,NUG008,2019,1,B
STU0364,NUG001,2020,1,D
STU0364,NUG004,2021,1,B
STU0365,NUG001,2019,1,D
STU0366,NUG005,2019,2,C
STU0366,NUG002,2020,1,D
STU0366,NUG003,2020,2,A
STU0366,NUG004,2020,1,D
STU0366,NUG008,2021,1,C
STU0366,NUG001,2021,1,A
STU0367,NUG004,2018,1,B
STU0367,NUG008,2019,1,A
STU0367,NUG005,2019,1,D
STU0367,NUG002,2020,2,B
STU0367,NUG001,2020,2,D
STU0368,NUG008,2021,2,C
STU0368,NUG001,2021,1,B
STU0368,NUG005,2021,1,A
STU0368,NUG004,2021,2,B
STU0368,NUG002,2021,2,C
STU0369,NUG008,2020,1,D
STU0369,NUG005,2021,2,D
STU0370,NUG005,2018,2,A
STU0371,NUG005,2016,1,B
STU0371,NUG008,2017,2,D
STU0371,NUG003,2017,2,C
STU0371,NUG007,2017,1,C
STU0371,NUG002,2019,2,A
STU0371,NUG001,2019,1,D
STU0371,NUG006,2019,1,A
STU0371,NUG004,2020,1,A
STU0372,NUG006,2017,1,A
STU0372,NUG008,2017,1,D
STU0372,NUG004,2018,1,B
STU0372,NUG007,2018,1,B
STU0372,NUG005,2021,1,C
STU0372,NUG001,2021,1,D
STU0373,NUG002,2021,2,C
STU0373,NUG005,2021,1,D
STU0373,NUG007,2021,1,C
STU0373,NUG003,2021,2,B
STU0374,NUG005,2017,2,D
STU0374,NUG008,2018,1,C
STU0374,NUG001,2018,1,A
STU0374,NUG004,2020,2,D
STU0374,NUG006,2021,2,B
STU0374,NUG002,2021,1,B
STU0375,NUG004,2021,2,D
STU0375,NUG005,2021,1,C
STU0375,NUG006,2021,2,C
STU0375,NUG003,2021,2,B
STU0376,NUG004,2020,1,C
STU0376,NUG005,2020,2,B
STU0376,NUG008,2020,1,A
STU0376,NUG003,2021,1,A
STU0376,NUG002,2021,1,C
STU0376,NUG007,2021,2,A
STU0377,NUG005,2016,2,A
STU0377,NUG001,2016,1,B
STU0377,NUG008,2018,2,A
STU0377,NUG004,2020,1,B
STU0377,NUG002,2020,2,D
STU0377,NUG003,2021,2,A
STU0378,NUG008,2017,1,A
STU0378,NUG005,2017,2,D
STU0378,NUG007,2018,2,F
STU0378,NUG002,2019,2,D
STU0378,NUG001,2020,1,A
STU0378,NUG006,2021,2,B
STU0378,NUG003,2021,1,C
STU0379,NUG005,2019,2,C
STU0379,NUG007,2019,2,A
STU0379,NUG001,2020,2,A
STU0379,NUG006,2020,1,B
STU0379,NUG003,2021,1,C
STU0379,NUG004,2021,2,B
STU0379,NUG002,2021,2,B
STU0380,NUG001,2018,1,C
STU0380,NUG004,2019,1,C
STU0380,NUG005,2020,1,B
STU0380,NUG006,2021,2,D
STU0380,NUG008,2021,2,A
STU0380,NUG007,2021,1,D
STU0381,GNM001,2021,1,C
STU0381,GNM004,2021,2,A
STU0381,GNM005,2021,1,B
STU0381,GNM006,2021,2,A
STU0381,GNM007,2021,1,D
STU0382,GNM006,2020,2,C
STU0382,GNM001,2020,2,A
STU0382,GNM005,2020,2,D
STU0382,GNM007,2020,2,B
STU0382,GNM002,2021,1,D
STU0382,GNM004,2021,1,A
STU0383,GNM001,2020,2,C
STU0383,GNM004,2021,1,C
STU0384,GNM001,2018,1,A
STU0385,GNM007,2021,2,B
STU0385,GNM004,2021,2,B
STU0385,GNM005,2021,2,B
STU0386,GNM005,2019,1,A
STU0386,GNM007,2020,1,A
STU0386,GNM001,2020,1,C
STU0387,GNM004,2020,1,C
STU0387,GNM007,2020,2,D
STU0387,GNM005,2020,2,B
STU0387,GNM001,2021,1,C
STU0387,GNM002,2021,2,C
STU0388,GNM005,2019,2,C
STU0389,GNM006,2021,2,B
STU0389,GNM004,2021,1,A
STU0389,GNM001,2021,2,B
STU0389,GNM005,2021,2,B
STU0390,GNM002,2020,1,D
STU0390,GNM004,2020,2,A
STU0390,GNM008,2021,1,C
STU0390,GNM007,2021,2,D
STU0390,GNM001,2021,1,A
STU0391,GNM003,2020,1,C
STU0391,GNM001,2020,2,A
STU0392,GNM004,2019,1,B
STU0392,GNM001,2021,2,A
STU0392,GNM003,2021,2,A
STU0393,GNM001,2021,1,D
STU0393,GNM004,2021,1,D
STU0394,GNM006,2020,1,C
STU0394,GNM004,2020,1,D
STU0394,GNM001,2020,2,B
STU0394,GNM008,2021,2,A
STU0394,GNM002,2021,1,D
STU0394,GNM003,2021,2,B
STU0395,GNM004,2018,1,C
STU0395,GNM003,2018,2,C
STU0395,GNM001,2019,2,A
STU0395,GNM006,2020,2,C
STU0395,GNM002,2021,1,B
STU0396,GNM004,2019,2,F
STU0396,GNM003,2021,1,B
STU0397,GNM004,2021,2,B
STU0398,GNM003,2021,1,C
STU0398,GNM002,2021,1,B
STU0398,GNM001,2021,1,B
STU0398,GNM006,2021,2,F
STU0399,GNM003,2019,1,A
STU0399,GNM004,2019,2,C
STU0400,GNM001,2019,1,C
STU0400,GNM002,2019,1,C
STU0400,GNM004,2019,2,B
STU0400,GNM006,2020,1,B
STU0400,GNM008,2020,2,C
STU0400,GNM003,2020,1,C
STU0401,GNM003,2017,2,C
STU0401,GNM002,2017,2,B
STU0401,GNM005,2018,2,B
STU0401,GNM007,2019,2,C
STU0401,GNM006,2020,1,B
STU0401,GNM001,2020,2,A
STU0401,GNM004,2020,2,C
STU0401,GNM008,2021,1,B
STU0402,GNM004,2018,2,C
STU0402,GNM002,2018,2,D
STU0402,GNM006,2019,1,C
STU0402,GNM007,2020,1,D
STU0402,GNM008,2021,2,B
STU0402,GNM003,2021,1,C
STU0402,GNM001,2021,1,D
STU0403,GNM003,2018,2,C
STU0403,GNM007,2018,2,B
STU0403,GNM006,2018,1,A
STU0403,GNM005,2019,1,A
STU0403,GNM004,2021,2,B
STU0404,GNM005,2018,2,A
STU0404,GNM006,2019,2,B
STU0404,GNM001,2019,1,A
STU0404,GNM004,2020,2,D
STU0404,GNM007,2020,2,C
STU0405,GNM006,2020,2,B
STU0405,GNM001,2021,1,B
STU0405,GNM002,2021,2,D
STU0405,GNM005,2021,1,B
STU0406,GNM007,2018,2,D
STU0406,GNM001,2018,2,A
STU0406,GNM005,2020,2,D
STU0406,GNM002,2020,1,A
STU0406,GNM006,2020,2,A
STU0406,GNM004,2021,1,B
STU0406,GNM003,2021,2,C
STU0406,GNM008,2021,2,D
STU0407,GNM007,2021,1,C
STU0407,GNM004,2021,1,D
STU0408,GNM006,2021,1,F
STU0408,GNM003,2021,1,C
STU0409,GNM007,2021,1,C
STU0410,GNM001,2016,1,D
STU0410,GNM003,2018,2,C
STU0410,GNM005,2019,1,D
STU0410,GNM004,2019,2,A
STU0410,GNM006,2020,2,A
STU0410,GNM002,2020,1,D
STU0410,GNM007,2021,2,D
STU0411,OBG004,2019,1,C
STU0411,OBG001,2019,1,D
STU0411,OBG006,2019,2,A
STU0411,OBG003,2020,2,D
STU0412,OBG001,2021,2,A
STU0413,OBG005,2021,1,B
STU0413,OBG006,2021,2,C
STU0414,OBG006,2019,2,A
STU0414,OBG005,2021,1,C
STU0414,OBG004,2021,2,A
STU0415,OBG004,2018,2,D
STU0415,OBG001,2018,1,A
STU0415,OBG005,2018,1,C
STU0415,OBG002,2018,2,D
STU0415,OBG006,2018,1,B
STU0416,OBG004,2019,1,A
STU0416,OBG006,2019,1,B
STU0417,OBG005,2020,2,A
STU0417,OBG004,2021,2,C
STU0418,OBG005,2021,1,A
STU0418,OBG003,2021,2,C
STU0418,OBG001,2021,1,C
STU0419,OBG001,2021,2,B
STU0420,OBG006,2020,2,C
STU0420,OBG004,2020,1,D
STU0420,OBG005,2021,2,D
STU0420,OBG001,2021,2,D
STU0421,OBG007,2020,1,D
STU0421,OBG001,2021,1,A
STU0421,OBG004,2021,2,D
STU0421,OBG008,2021,1,B
STU0422,OBG004,2018,2,C
STU0422,OBG001,2020,2,D
STU0422,OBG007,2020,2,B
STU0422,OBG008,2020,2,A
STU0423,OBG007,2020,2,A
STU0424,OBG001,2020,2,D
STU0424,OBG004,2020,1,A
STU0424,OBG007,2020,1,A
STU0424,OBG003,2021,2,C
STU0424,OBG008,2021,1,C
STU0425,OBG007,2020,1,A
STU0425,OBG008,2020,1,B
STU0425,OBG001,2020,1,D
STU0425,OBG003,2021,1,D
STU0425,OBG004,2021,1,A
STU0426,OBG007,2018,2,C
STU0426,OBG004,2020,2,A
STU0426,OBG008,2020,1,A
STU0426,OBG001,2021,2,D
STU0427,OBG001,2021,1,C
STU0427,OBG008,2021,2,F
STU0427,OBG004,2021,1,D
STU0428,OBG001,2021,1,D
STU0428,OBG004,2021,1,C
STU0428,OBG002,2021,2,B
STU0428,OBG007,2021,1,B
STU0428,OBG003,2021,2,D
STU0428,OBG008,2021,2,D
STU0429,OBG004,2019,1,A
STU0429,OBG001,2019,1,B
STU0429,OBG003,2020,1,A
STU0429,OBG007,2020,1,D
STU0429,OBG008,2020,2,A
STU0430,OBG007,2021,1,B
STU0430,OBG004,2021,1,B
STU0431,OBG004,2020,2,D
STU0431,OBG008,2020,1,F
STU0432,OBG008,2018,1,A
STU0432,OBG006,2018,2,D
STU0432,OBG004,2019,1,D
STU0432,OBG007,2021,1,A
STU0432,OBG005,2021,1,D
STU0432,OBG001,2021,2,C
STU0433,OBG007,2017,2,A
STU0433,OBG001,2018,1,B
STU0433,OBG008,2018,1,D
STU0433,OBG006,2019,1,B
STU0433,OBG004,2019,1,B
STU0433,OBG005,2019,1,D
STU0433,OBG002,2020,1,B
STU0433,OBG003,2021,2,B
STU0434,OBG008,2017,1,D
STU0434,OBG005,2019,1,A
STU0434,OBG007,2019,2,A
STU0434,OBG001,2019,1,D
STU0434,OBG004,2019,2,C
STU0434,OBG002,2020,2,B
STU0434,OBG003,2021,2,C
STU0435,OBG006,2019,2,D
STU0435,OBG005,2020,1,C
STU0435,OBG008,2020,1,C
STU0435,OBG001,2020,1,B
STU0435,OBG007,2021,2,B
STU0435,OBG003,2021,1,B
STU0435,OBG002,2021,2,D
STU0436,OBG001,2021,2,D
STU0436,OBG004,2021,2,A
STU0436,OBG006,2021,2,B
STU0436,OBG007,2021,1,A
STU0437,OBG008,2018,1,C
STU0437,OBG001,2019,1,C
STU0437,OBG003,2019,2,B
STU0437,OBG005,2019,1,A
STU0437,OBG007,2021,2,F
STU0438,OBG001,2016,2,D
STU0438,OBG002,2017,2,D
STU0438,OBG004,2017,2,D
STU0438,OBG008,2019,1,C
STU0438,OBG007,2020,2,B
STU0439,OBG006,2019,2,B
STU0439,OBG005,2019,2,D
STU0439,OBG004,2020,1,B
STU0439,OBG007,2020,1,A
STU0440,OBG006,2020,2,B
STU0440,OBG007,2021,2,B
STU0441,MKT005,2021,1,F
STU0442,MKT003,2021,1,B
STU0442,MKT006,2021,2,D
STU0442,MKT001,2021,1,B
STU0442,MKT002,2021,2,A
STU0442,MKT004,2021,2,D
STU0442,MKT005,2021,2,A
STU0443,MKT005,2021,1,C
STU0444,MKT001,2018,2,D
STU0444,MKT003,2018,1,D
STU0444,MKT004,2019,2,B
STU0444,MKT006,2020,2,A
STU0444,MKT005,2021,2,B
STU0445,MKT001,2019,2,C
STU0445,MKT005,2019,2,D
STU0445,MKT006,2020,1,C
STU0445,MKT002,2021,1,C
STU0446,MKT005,2021,1,B
STU0447,MKT006,2020,1,B
STU0447,MKT001,2020,1,B
STU0447,MKT003,2020,1,B
STU0447,MKT005,2020,1,C
STU0447,MKT002,2021,2,D
STU0447,MKT004,2021,1,D
STU0448,MKT001,2020,1,B
STU0448,MKT006,2021,1,C
STU0449,MKT001,2020,2,A
STU0450,MKT001,2019,1,A
STU0450,MKT006,2019,2,A
STU0450,MKT003,2020,1,C
STU0450,MKT005,2020,2,B
STU0450,MKT002,2021,1,A
STU0450,MKT004,2021,1,C
STU0451,MKT001,2020,2,A
STU0451,MKT007,2020,1,A
STU0451,MKT008,2020,1,B
STU0451,MKT004,2021,1,F
STU0451,MKT006,2021,2,A
STU0452,MKT006,2021,1,B
STU0452,MKT007,2021,2,B
STU0453,MKT008,2019,1,B
STU0453,MKT007,2019,1,D
STU0453,MKT006,2020,1,C
STU0454,MKT008,2020,2,A
STU0454,MKT003,2020,2,C
STU0455,MKT006,2020,1,A
STU0455,MKT007,2020,1,C
STU0455,MKT003,2021,1,A
STU0456,MKT008,2021,2,C
STU0456,MKT007,2021,1,A
STU0457,MKT008,2020,1,A
STU0457,MKT007,2020,2,D
STU0457,MKT004,2021,2,A
STU0457,MKT001,2021,2,D
STU0457,MKT003,2021,1,B
STU0457,MKT006,2021,2,B
STU0458,MKT001,2020,2,B
STU0458,MKT003,2021,2,D
STU0458,MKT008,2021,1,A
STU0458,MKT007,2021,2,B
STU0459,MKT007,2019,1,C
STU0460,MKT008,2018,2,B
STU0460,MKT007,2019,2,A
STU0460,MKT006,2020,2,D
STU0460,MKT003,2021,1,D
STU0461,MKT001,2016,2,A
STU0461,MKT007,2017,1,C
STU0461,MKT008,2020,1,A
STU0461,MKT002,2020,2,F
STU0461,MKT004,2020,1,D
STU0461,MKT006,2021,1,C
STU0461,MKT005,2021,1,A
STU0462,MKT005,2018,1,C
STU0462,MKT006,2019,2,F
STU0462,MKT001,2019,2,C
STU0462,MKT008,2019,1,D
STU0462,MKT004,2020,1,D
STU0462,MKT003,2020,1,D
STU0462,MKT007,2021,1,D
STU0463,MKT005,2016,1,C
STU0463,MKT003,2017,1,A
STU0463,MKT006,2018,1,C
STU0463,MKT001,2019,1,A
STU0463,MKT002,2019,2,C
STU0463,MKT004,2020,2,D
STU0463,MKT008,2020,1,B
STU0463,MKT007,2021,2,D
STU0464,MKT005,2016,1,B
STU0464,MKT001,2016,1,B
STU0464,MKT008,2018,2,D
STU0464,MKT007,2019,2,B
STU0464,MKT003,2019,2,C
STU0464,MKT004,2019,1,D
STU0464,MKT006,2021,1,D
STU0465,MKT006,2021,2,C
STU0465,MKT007,2021,2,B
STU0465,MKT005,2021,1,A
STU0466,MKT007,2020,2,A
STU0466,MKT003,2020,1,B
STU0466,MKT006,2020,2,C
STU0467,MKT007,2018,2,C
STU0467,MKT001,2018,2,D
STU0467,MKT005,2018,2,D
STU0467,MKT006,2019,1,C
STU0467,MKT008,2021,1,D
STU0467,MKT003,2021,2,C
STU0468,MKT003,2021,1,A
STU0468,MKT005,2021,1,A
STU0469,MKT005,2021,2,D
STU0469,MKT008,2021,2,D
STU0469,MKT006,2021,2,B
STU0469,MKT001,2021,2,B
STU0469,MKT003,2021,2,C
STU0470,MKT008,2019,1,C
STU0470,MKT003,2019,2,B
STU0470,MKT006,2020,1,B
STU0470,MKT001,2020,1,C
STU0470,MKT002,2020,2,D
STU0470,MKT005,2021,2,C
STU0470,MKT007,2021,1,F
STU0470,MKT004,2021,2,B
STU0471,ACT005,2021,2,A
STU0471,ACT008,2021,1,C
STU0471,ACT001,2021,2,C
STU0471,ACT002,2021,1,C
STU0471,ACT003,2021,1,B
STU0471,ACT004,2021,2,D
STU0472,ACT002,2020,1,D
STU0472,ACT006,2021,1,B
STU0472,ACT001,2021,2,D
STU0472,ACT003,2021,2,D
STU0473,ACT003,2020,1,A
STU0473,ACT008,2020,2,C
STU0473,ACT007,2021,2,B
STU0473,ACT005,2021,2,B
STU0473,ACT002,2021,2,D
STU0474,ACT007,2019,2,D
STU0474,ACT001,2020,2,C
STU0474,ACT003,2020,1,C
STU0474,ACT006,2020,1,A
STU0474,ACT002,2021,1,A
STU0475,ACT001,2020,1,B
STU0475,ACT008,2021,1,D
STU0475,ACT002,2021,2,A
STU0475,ACT006,2021,1,D
STU0475,ACT005,2021,2,D
STU0476,ACT003,2021,2,B
STU0476,ACT001,2021,2,A
STU0477,ACT005,2018,1,D
STU0477,ACT007,2018,2,C
STU0477,ACT006,2019,1,C
STU0477,ACT002,2020,2,C
STU0477,ACT008,2021,2,A
STU0478,ACT002,2020,1,B
STU0478,ACT006,2020,1,A
STU0478,ACT001,2020,2,C
STU0478,ACT003,2021,2,A
STU0479,ACT007,2021,1,D
STU0479,ACT002,2021,2,B
STU0479,ACT006,2021,2,B
STU0480,ACT001,2019,2,B
STU0480,ACT006,2019,1,C
STU0481,ACT005,2016,2,A
STU0481,ACT001,2016,2,B
STU0481,ACT002,2018,1,C
STU0481,ACT006,2018,2,C
STU0481,ACT008,2019,2,B
STU0481,ACT003,2019,2,B
STU0481,ACT007,2021,1,B
STU0482,ACT006,2019,1,C
STU0482,ACT001,2019,1,F
STU0482,ACT007,2020,1,D
STU0482,ACT008,2021,1,F
STU0482,ACT003,2021,2,D
STU0483,ACT007,2021,1,B
STU0483,ACT005,2021,1,B
STU0483,ACT001,2021,1,B
STU0483,ACT008,2021,1,A
STU0483,ACT002,2021,2,A
STU0483,ACT003,2021,1,D
STU0484,ACT007,2016,2,B
STU0484,ACT003,2018,2,B
STU0484,ACT008,2019,1,D
STU0484,ACT002,2019,1,D
STU0484,ACT004,2021,2,C
STU0485,ACT001,2019,2,B
STU0485,ACT008,2019,1,B
STU0485,ACT002,2019,2,A
STU0485,ACT007,2019,1,C
STU0485,ACT003,2020,1,B
STU0485,ACT005,2020,3,A
STU0485,ACT004,2020,2,C
STU0485,ACT006,2020,2,D
STU0486,ACT002,2018,1,D
STU0486,ACT001,2018,2,C
STU0486,ACT006,2021,1,D
STU0486,ACT007,2021,2,D
STU0487,ACT007,2020,1,C
STU0487,ACT008,2020,2,D
STU0488,ACT008,2020,1,D
STU0488,ACT006,2020,2,D
STU0488,ACT002,2020,2,C
STU0488,ACT005,2020,3,A
STU0488,ACT001,2020,1,B
STU0488,ACT007,2021,2,A
STU0489,ACT007,2020,1,A
STU0489,ACT003,2020,1,B
STU0489,ACT006,2020,1,C
STU0489,ACT008,2020,1,A
STU0489,ACT002,2021,2,A
STU0489,ACT001,2021,1,B
STU0490,ACT005,2018,2,C
STU0490,ACT001,2018,2,A
STU0490,ACT008,2019,2,A
STU0490,ACT006,2019,2,D
STU0490,ACT003,2020,1,C
STU0491,FIN001,2021,1,C
STU0491,FIN002,2021,2,B
STU0491,FIN008,2021,2,B
STU0491,FIN004,2021,1,B
STU0491,FIN003,2021,2,A
STU0491,FIN006,2021,2,D
STU0492,FIN004,2020,1,D
STU0492,FIN003,2021,1,C
STU0492,FIN006,2021,2,D
STU0493,FIN008,2021,2,A
STU0494,FIN003,2020,2,B
STU0494,FIN006,2020,2,C
STU0494,FIN008,2020,1,C
STU0494,FIN001,2021,1,A
STU0494,FIN004,2021,2,A
STU0495,FIN008,2019,2,A
STU0495,FIN006,2020,2,B
STU0495,FIN004,2020,1,B
STU0495,FIN003,2021,1,D
STU0495,FIN001,2021,1,C
STU0496,FIN006,2021,2,B
STU0497,FIN003,2019,1,D
STU0497,FIN008,2020,1,D
STU0497,FIN001,2020,2,C
STU0497,FIN004,2021,2,A
STU0498,FIN001,2019,1,D
STU0498,FIN006,2019,2,B
STU0498,FIN003,2020,2,B
STU0498,FIN008,2021,1,B
STU0499,FIN003,2021,1,C
STU0499,FIN008,2021,2,C
STU0500,FIN006,2018,2,C
STU0500,FIN001,2018,2,B
STU0500,FIN004,2020,2,B
STU0500,FIN002,2021,1,A
STU0500,FIN008,2021,2,D
STU0501,FIN003,2021,1,A
STU0502,FIN003,2018,1,A
STU0502,FIN008,2019,2,A
STU0502,FIN007,2020,1,B
STU0502,FIN004,2021,1,C
STU0503,FIN001,2018,1,C
STU0503,FIN004,2018,2,D
STU0503,FIN003,2021,1,A
STU0503,FIN008,2021,2,C
STU0504,FIN005,2021,2,A
STU0504,FIN001,2021,2,B
STU0504,FIN004,2021,2,A
STU0504,FIN008,2021,1,D
STU0504,FIN003,2021,1,D
STU0504,FIN007,2021,2,D
STU0505,FIN008,2021,1,D
STU0506,FIN001,2019,2,A
STU0506,FIN004,2020,2,D
STU0506,FIN008,2020,2,D
STU0506,FIN003,2021,2,C
STU0507,FIN003,2021,2,A
STU0507,FIN001,2021,2,D
STU0507,FIN008,2021,1,B
STU0507,FIN004,2021,2,B
STU0508,FIN001,2018,2,A
STU0508,FIN003,2018,2,C
STU0508,FIN008,2018,2,A
STU0508,FIN004,2018,2,D
STU0508,FIN007,2019,2,D
STU0508,FIN005,2020,2,B
STU0509,FIN008,2020,2,A
STU0509,FIN004,2021,1,B
STU0509,FIN003,2021,1,B
STU0509,FIN005,2021,1,D
STU0510,FIN008,2019,1,B
STU0510,FIN004,2019,2,B
STU0510,FIN001,2021,2,A
STU0511,FIN006,2017,3,C
STU0511,FIN008,2019,2,D
STU0511,FIN004,2020,1,A
STU0511,FIN001,2021,1,A
STU0512,FIN001,2021,1,C
STU0513,FIN003,2021,1,B
STU0513,FIN001,2021,1,D
STU0513,FIN004,2021,1,D
STU0513,FIN006,2021,1,A
STU0513,FIN008,2021,2,C
STU0514,FIN001,2019,2,D
STU0514,FIN008,2020,1,B
STU0514,FIN004,2020,2,D
STU0514,FIN006,2021,1,D
STU0514,FIN007,2021,2,B
STU0514,FIN005,2021,1,C
STU0514,FIN002,2021,1,A
STU0515,FIN008,2017,2,C
STU0515,FIN006,2018,1,C
STU0515,FIN004,2018,1,C
STU0515,FIN001,2021,2,B
STU0516,FIN001,2021,1,B
STU0516,FIN006,2021,1,A
STU0516,FIN003,2021,2,B
STU0517,FIN006,2020,2,B
STU0517,FIN003,2021,1,B
STU0517,FIN001,2021,2,C
STU0517,FIN008,2021,1,B
STU0518,FIN008,2021,2,D
STU0518,FIN004,2021,1,D
STU0518,FIN003,2021,1,A
STU0519,FIN001,2019,1,A
STU0519,FIN008,2019,1,A
STU0519,FIN005,2020,1,A
STU0519,FIN004,2020,1,D
STU0519,FIN003,2020,1,C
STU0519,FIN002,2021,2,C
STU0520,FIN003,2020,1,A
STU0520,FIN006,2020,2,B
STU0520,FIN008,2020,2,B
STU0521,MGT001,2019,2,A
STU0521,MGT005,2021,2,A
STU0521,MGT003,2021,2,B
STU0522,MGT002,2020,2,C
STU0523,MGT001,2020,1,A
STU0523,MGT002,2020,1,B
STU0523,MGT007,2020,2,D
STU0523,MGT005,2021,1,C
STU0523,MGT003,2021,2,C
STU0523,MGT006,2021,1,A
STU0524,MGT006,2019,2,A
STU0524,MGT001,2019,2,D
STU0524,MGT003,2020,2,A
STU0524,MGT007,2021,2,C
STU0524,MGT005,2021,1,C
STU0524,MGT002,2021,2,B
STU0525,MGT006,2021,2,F
STU0525,MGT005,2021,2,A
STU0525,MGT003,2021,2,A
STU0526,MGT001,2020,2,B
STU0526,MGT003,2020,1,B
STU0526,MGT005,2020,3,D
STU0526,MGT006,2020,2,F
STU0527,MGT001,2021,1,C
STU0527,MGT007,2021,2,C
STU0527,MGT003,2021,1,C
STU0527,MGT005,2021,2,C
STU0527,MGT002,2021,2,B
STU0528,MGT003,2019,1,C
STU0528,MGT001,2020,1,C
STU0528,MGT007,2021,2,D
STU0528,MGT005,2021,1,C
STU0529,MGT006,2020,2,C
STU0529,MGT005,2020,3,A
STU0529,MGT001,2020,1,A
STU0529,MGT002,2021,2,C
STU0529,MGT007,2021,2,C
STU0529,MGT003,2021,1,A
STU0530,MGT003,2020,1,D
STU0530,MGT006,2020,2,A
STU0530,MGT005,2021,2,C
STU0530,MGT002,2021,1,C
STU0531,MGT004,2021,2,A
STU0531,MGT001,2021,1,A
STU0531,MGT003,2021,2,A
STU0531,MGT002,2021,1,A
STU0532,MGT003,2021,1,B
STU0533,MGT002,2021,1,B
STU0534,MGT002,2021,2,C
STU0534,MGT003,2021,2,C
STU0535,MGT001,2020,1,D
STU0535,MGT007,2021,2,B
STU0536,MGT002,2020,2,B
STU0536,MGT003,2020,2,A
STU0536,MGT001,2021,1,B
STU0537,MGT002,2020,1,D
STU0537,MGT001,2020,2,D
STU0537,MGT003,2020,1,A
STU0537,MGT007,2021,1,B
STU0537,MGT004,2021,1,B
STU0537,MGT008,2021,2,C
STU0538,MGT002,2019,2,B
STU0538,MGT001,2019,2,B
STU0538,MGT004,2020,1,B
STU0538,MGT007,2020,1,D
STU0538,MGT008,2020,2,D
STU0538,MGT003,2021,1,B
STU0539,MGT001,2019,1,C
STU0539,MGT002,2019,1,C
STU0539,MGT007,2020,1,B
STU0539,MGT004,2020,2,C
STU0539,MGT008,2020,2,B
STU0539,MGT003,2020,2,C
STU0540,MGT002,2020,2,A
STU0540,MGT003,2020,2,A
STU0540,MGT004,2021,2,F
STU0540,MGT007,2021,2,C
STU0540,MGT001,2021,1,D
